question_id,question,expected_answer,student_answer,label,label_name
q01,What is supervised learning?,Supervised learning is a machine learning approach where a model learns from labelled training data.,A model learns from examples where the correct outputs are provided.,2,correct
q01,What is supervised learning?,Supervised learning is a machine learning approach where a model learns from labelled training data.,The algorithm is trained using labelled examples.,2,correct
q01,What is supervised learning?,Supervised learning is a machine learning approach where a model learns from labelled training data.,It learns a mapping from inputs to known target outputs.,2,correct
q01,What is supervised learning?,Supervised learning is a machine learning approach where a model learns from labelled training data.,Training uses data paired with target labels.,2,correct
q01,What is supervised learning?,Supervised learning is a machine learning approach where a model learns from labelled training data.,It is a type of machine learning.,1,partial
q01,What is supervised learning?,Supervised learning is a machine learning approach where a model learns from labelled training data.,It learns from training data.,1,partial
q01,What is supervised learning?,Supervised learning is a machine learning approach where a model learns from labelled training data.,It uses examples to learn.,1,partial
q01,What is supervised learning?,Supervised learning is a machine learning approach where a model learns from labelled training data.,It can be used for classification.,1,partial
q01,What is supervised learning?,Supervised learning is a machine learning approach where a model learns from labelled training data.,It learns only from unlabelled data.,0,incorrect
q01,What is supervised learning?,Supervised learning is a machine learning approach where a model learns from labelled training data.,Supervised learning does not use labels.,0,incorrect
q01,What is supervised learning?,Supervised learning is a machine learning approach where a model learns from labelled training data.,It groups data without known outputs.,0,incorrect
q01,What is supervised learning?,Supervised learning is a machine learning approach where a model learns from labelled training data.,A stack follows last in first out.,0,incorrect
q02,What is unsupervised learning?,Unsupervised learning finds patterns or structure in unlabelled data without known target outputs.,It discovers patterns in data that has no target labels.,2,correct
q02,What is unsupervised learning?,Unsupervised learning finds patterns or structure in unlabelled data without known target outputs.,The model learns structure from unlabelled examples.,2,correct
q02,What is unsupervised learning?,Unsupervised learning finds patterns or structure in unlabelled data without known target outputs.,It analyses data without being given the correct outputs.,2,correct
q02,What is unsupervised learning?,Unsupervised learning finds patterns or structure in unlabelled data without known target outputs.,It can discover groups or structure without labelled targets.,2,correct
q02,What is unsupervised learning?,Unsupervised learning finds patterns or structure in unlabelled data without known target outputs.,It is a type of machine learning.,1,partial
q02,What is unsupervised learning?,Unsupervised learning finds patterns or structure in unlabelled data without known target outputs.,It can be used for clustering.,1,partial
q02,What is unsupervised learning?,Unsupervised learning finds patterns or structure in unlabelled data without known target outputs.,It learns patterns from data.,1,partial
q02,What is unsupervised learning?,Unsupervised learning finds patterns or structure in unlabelled data without known target outputs.,The data does not have normal class labels.,1,partial
q02,What is unsupervised learning?,Unsupervised learning finds patterns or structure in unlabelled data without known target outputs.,It requires a correct target for every training example.,0,incorrect
q02,What is unsupervised learning?,Unsupervised learning finds patterns or structure in unlabelled data without known target outputs.,It is supervised by labelled outputs.,0,incorrect
q02,What is unsupervised learning?,Unsupervised learning finds patterns or structure in unlabelled data without known target outputs.,It only memorises labelled examples.,0,incorrect
q02,What is unsupervised learning?,Unsupervised learning finds patterns or structure in unlabelled data without known target outputs.,Binary search halves a sorted search space.,0,incorrect
q03,What is overfitting?,"Overfitting occurs when a model learns the training data too closely, including noise, and performs poorly on unseen data.",The model fits the training set too closely and fails to generalise.,2,correct
q03,What is overfitting?,"Overfitting occurs when a model learns the training data too closely, including noise, and performs poorly on unseen data.",It learns noise and training-specific details rather than general patterns.,2,correct
q03,What is overfitting?,"Overfitting occurs when a model learns the training data too closely, including noise, and performs poorly on unseen data.",A model performs very well on training data but poorly on new data.,2,correct
q03,What is overfitting?,"Overfitting occurs when a model learns the training data too closely, including noise, and performs poorly on unseen data.",It effectively memorises the training examples and generalises badly.,2,correct
q03,What is overfitting?,"Overfitting occurs when a model learns the training data too closely, including noise, and performs poorly on unseen data.",The model performs poorly on new data.,1,partial
q03,What is overfitting?,"Overfitting occurs when a model learns the training data too closely, including noise, and performs poorly on unseen data.",It learns the training data very well.,1,partial
q03,What is overfitting?,"Overfitting occurs when a model learns the training data too closely, including noise, and performs poorly on unseen data.",The model is too closely fitted.,1,partial
q03,What is overfitting?,"Overfitting occurs when a model learns the training data too closely, including noise, and performs poorly on unseen data.",It is a problem involving generalisation.,1,partial
q03,What is overfitting?,"Overfitting occurs when a model learns the training data too closely, including noise, and performs poorly on unseen data.",It happens when the model is too simple to learn the training patterns.,0,incorrect
q03,What is overfitting?,"Overfitting occurs when a model learns the training data too closely, including noise, and performs poorly on unseen data.",Overfitting improves generalisation to unseen data.,0,incorrect
q03,What is overfitting?,"Overfitting occurs when a model learns the training data too closely, including noise, and performs poorly on unseen data.",It means the model has not learned the training data.,0,incorrect
q03,What is overfitting?,"Overfitting occurs when a model learns the training data too closely, including noise, and performs poorly on unseen data.",A primary key uniquely identifies a database row.,0,incorrect
q04,What is underfitting?,Underfitting occurs when a model is too simple to capture the underlying patterns in the data and performs poorly even on training data.,The model is too simple to learn the important patterns in the dataset.,2,correct
q04,What is underfitting?,Underfitting occurs when a model is too simple to capture the underlying patterns in the data and performs poorly even on training data.,It fails to fit the training data adequately because it lacks sufficient complexity.,2,correct
q04,What is underfitting?,Underfitting occurs when a model is too simple to capture the underlying patterns in the data and performs poorly even on training data.,An underfit model has not captured the underlying relationship in the data.,2,correct
q04,What is underfitting?,Underfitting occurs when a model is too simple to capture the underlying patterns in the data and performs poorly even on training data.,It performs poorly because it cannot model the training patterns.,2,correct
q04,What is underfitting?,Underfitting occurs when a model is too simple to capture the underlying patterns in the data and performs poorly even on training data.,The model performs poorly.,1,partial
q04,What is underfitting?,Underfitting occurs when a model is too simple to capture the underlying patterns in the data and performs poorly even on training data.,The model is too simple.,1,partial
q04,What is underfitting?,Underfitting occurs when a model is too simple to capture the underlying patterns in the data and performs poorly even on training data.,It has not learned enough.,1,partial
q04,What is underfitting?,Underfitting occurs when a model is too simple to capture the underlying patterns in the data and performs poorly even on training data.,It is a model fitting problem.,1,partial
q04,What is underfitting?,Underfitting occurs when a model is too simple to capture the underlying patterns in the data and performs poorly even on training data.,It memorises the training data and fails only on unseen data.,0,incorrect
q04,What is underfitting?,Underfitting occurs when a model is too simple to capture the underlying patterns in the data and performs poorly even on training data.,Underfitting occurs because the model is too complex.,0,incorrect
q04,What is underfitting?,Underfitting occurs when a model is too simple to capture the underlying patterns in the data and performs poorly even on training data.,It means training performance is perfect.,0,incorrect
q04,What is underfitting?,Underfitting occurs when a model is too simple to capture the underlying patterns in the data and performs poorly even on training data.,TCP is a transport protocol.,0,incorrect
q05,What is a stack?,"A stack is a data structure that follows the last in, first out principle.",A stack is a LIFO data structure.,2,correct
q05,What is a stack?,"A stack is a data structure that follows the last in, first out principle.",The most recently added item is the first one removed.,2,correct
q05,What is a stack?,"A stack is a data structure that follows the last in, first out principle.",Items leave a stack in reverse order to their insertion.,2,correct
q05,What is a stack?,"A stack is a data structure that follows the last in, first out principle.","A stack follows last in, first out.",2,correct
q05,What is a stack?,"A stack is a data structure that follows the last in, first out principle.",A stack is a data structure.,1,partial
q05,What is a stack?,"A stack is a data structure that follows the last in, first out principle.",It stores a collection of elements.,1,partial
q05,What is a stack?,"A stack is a data structure that follows the last in, first out principle.",Elements can be pushed onto a stack.,1,partial
q05,What is a stack?,"A stack is a data structure that follows the last in, first out principle.",A stack supports adding and removing items.,1,partial
q05,What is a stack?,"A stack is a data structure that follows the last in, first out principle.","A stack follows first in, first out.",0,incorrect
q05,What is a stack?,"A stack is a data structure that follows the last in, first out principle.",The oldest item is always removed first.,0,incorrect
q05,What is a stack?,"A stack is a data structure that follows the last in, first out principle.",A stack has no ordering rule.,0,incorrect
q05,What is a stack?,"A stack is a data structure that follows the last in, first out principle.",Supervised learning uses labelled data.,0,incorrect
q06,What is a queue?,"A queue is a data structure that follows the first in, first out principle.",A queue is a FIFO data structure.,2,correct
q06,What is a queue?,"A queue is a data structure that follows the first in, first out principle.",The earliest inserted item is the first one removed.,2,correct
q06,What is a queue?,"A queue is a data structure that follows the first in, first out principle.",Items leave a queue in the same order they enter.,2,correct
q06,What is a queue?,"A queue is a data structure that follows the first in, first out principle.","A queue follows first in, first out.",2,correct
q06,What is a queue?,"A queue is a data structure that follows the first in, first out principle.",A queue is a data structure.,1,partial
q06,What is a queue?,"A queue is a data structure that follows the first in, first out principle.",It stores multiple elements.,1,partial
q06,What is a queue?,"A queue is a data structure that follows the first in, first out principle.",Items can be added to a queue.,1,partial
q06,What is a queue?,"A queue is a data structure that follows the first in, first out principle.",It supports enqueue and dequeue operations.,1,partial
q06,What is a queue?,"A queue is a data structure that follows the first in, first out principle.","A queue follows last in, first out.",0,incorrect
q06,What is a queue?,"A queue is a data structure that follows the first in, first out principle.",The newest element is removed first.,0,incorrect
q06,What is a queue?,"A queue is a data structure that follows the first in, first out principle.",A queue removes items in random order.,0,incorrect
q06,What is a queue?,"A queue is a data structure that follows the first in, first out principle.",A model can overfit training data.,0,incorrect
q07,What is binary search?,Binary search finds a target in a sorted collection by comparing with the middle element and repeatedly eliminating half of the remaining search space.,It searches sorted data by repeatedly checking the middle and discarding half the search space.,2,correct
q07,What is binary search?,Binary search finds a target in a sorted collection by comparing with the middle element and repeatedly eliminating half of the remaining search space.,The algorithm halves the remaining sorted search region after each comparison.,2,correct
q07,What is binary search?,Binary search finds a target in a sorted collection by comparing with the middle element and repeatedly eliminating half of the remaining search space.,It compares the target with the middle value and continues in the relevant half.,2,correct
q07,What is binary search?,Binary search finds a target in a sorted collection by comparing with the middle element and repeatedly eliminating half of the remaining search space.,Binary search repeatedly divides a sorted search space in two.,2,correct
q07,What is binary search?,Binary search finds a target in a sorted collection by comparing with the middle element and repeatedly eliminating half of the remaining search space.,Binary search is a searching algorithm.,1,partial
q07,What is binary search?,Binary search finds a target in a sorted collection by comparing with the middle element and repeatedly eliminating half of the remaining search space.,It works on sorted data.,1,partial
q07,What is binary search?,Binary search finds a target in a sorted collection by comparing with the middle element and repeatedly eliminating half of the remaining search space.,It checks a middle element.,1,partial
q07,What is binary search?,Binary search finds a target in a sorted collection by comparing with the middle element and repeatedly eliminating half of the remaining search space.,It is more efficient than checking every element in many sorted collections.,1,partial
q07,What is binary search?,Binary search finds a target in a sorted collection by comparing with the middle element and repeatedly eliminating half of the remaining search space.,It checks every item sequentially.,0,incorrect
q07,What is binary search?,Binary search finds a target in a sorted collection by comparing with the middle element and repeatedly eliminating half of the remaining search space.,Binary search requires the collection to be unsorted.,0,incorrect
q07,What is binary search?,Binary search finds a target in a sorted collection by comparing with the middle element and repeatedly eliminating half of the remaining search space.,It doubles the search space after each comparison.,0,incorrect
q07,What is binary search?,Binary search finds a target in a sorted collection by comparing with the middle element and repeatedly eliminating half of the remaining search space.,A queue follows FIFO.,0,incorrect
q08,What is linear search?,Linear search checks elements sequentially until the target is found or all elements have been examined.,It examines each item one by one until it finds the target.,2,correct
q08,What is linear search?,Linear search checks elements sequentially until the target is found or all elements have been examined.,The algorithm searches sequentially through the collection.,2,correct
q08,What is linear search?,Linear search checks elements sequentially until the target is found or all elements have been examined.,It checks elements in order and stops when the desired value is found.,2,correct
q08,What is linear search?,Linear search checks elements sequentially until the target is found or all elements have been examined.,Linear search may inspect every element when looking for a target.,2,correct
q08,What is linear search?,Linear search checks elements sequentially until the target is found or all elements have been examined.,Linear search is a searching algorithm.,1,partial
q08,What is linear search?,Linear search checks elements sequentially until the target is found or all elements have been examined.,It can work on unsorted data.,1,partial
q08,What is linear search?,Linear search checks elements sequentially until the target is found or all elements have been examined.,It checks elements in a collection.,1,partial
q08,What is linear search?,Linear search checks elements sequentially until the target is found or all elements have been examined.,It may be slower than binary search.,1,partial
q08,What is linear search?,Linear search checks elements sequentially until the target is found or all elements have been examined.,It repeatedly halves a sorted collection.,0,incorrect
q08,What is linear search?,Linear search checks elements sequentially until the target is found or all elements have been examined.,It requires sorted data and checks only middle elements.,0,incorrect
q08,What is linear search?,Linear search checks elements sequentially until the target is found or all elements have been examined.,It never examines items sequentially.,0,incorrect
q08,What is linear search?,Linear search checks elements sequentially until the target is found or all elements have been examined.,A stack uses LIFO.,0,incorrect
q09,What is a primary key in a relational database?,A primary key is an attribute or set of attributes that uniquely identifies each row in a table.,It uniquely identifies each record in a table.,2,correct
q09,What is a primary key in a relational database?,A primary key is an attribute or set of attributes that uniquely identifies each row in a table.,A column or combination of columns that uniquely identifies a row is a primary key.,2,correct
q09,What is a primary key in a relational database?,A primary key is an attribute or set of attributes that uniquely identifies each row in a table.,Each record can be uniquely distinguished using the primary key.,2,correct
q09,What is a primary key in a relational database?,A primary key is an attribute or set of attributes that uniquely identifies each row in a table.,It is one or more attributes providing a unique identifier for every row.,2,correct
q09,What is a primary key in a relational database?,A primary key is an attribute or set of attributes that uniquely identifies each row in a table.,It is a database attribute.,1,partial
q09,What is a primary key in a relational database?,A primary key is an attribute or set of attributes that uniquely identifies each row in a table.,A table normally has a primary key.,1,partial
q09,What is a primary key in a relational database?,A primary key is an attribute or set of attributes that uniquely identifies each row in a table.,It is associated with table rows.,1,partial
q09,What is a primary key in a relational database?,A primary key is an attribute or set of attributes that uniquely identifies each row in a table.,It can be made from one or more columns.,1,partial
q09,What is a primary key in a relational database?,A primary key is an attribute or set of attributes that uniquely identifies each row in a table.,It is designed to contain duplicate identifiers.,0,incorrect
q09,What is a primary key in a relational database?,A primary key is an attribute or set of attributes that uniquely identifies each row in a table.,A primary key does not need to distinguish rows.,0,incorrect
q09,What is a primary key in a relational database?,A primary key is an attribute or set of attributes that uniquely identifies each row in a table.,Its purpose is only to alphabetically sort records.,0,incorrect
q09,What is a primary key in a relational database?,A primary key is an attribute or set of attributes that uniquely identifies each row in a table.,Binary search requires sorted input.,0,incorrect
q10,What is a foreign key?,"A foreign key is an attribute or set of attributes in one table that references a primary or candidate key in another or the same table, linking related records.",It is a field that references a key in another table to relate records.,2,correct
q10,What is a foreign key?,"A foreign key is an attribute or set of attributes in one table that references a primary or candidate key in another or the same table, linking related records.",A foreign key links rows by referring to a key in another table.,2,correct
q10,What is a foreign key?,"A foreign key is an attribute or set of attributes in one table that references a primary or candidate key in another or the same table, linking related records.",It creates a relationship between tables by referencing a primary or candidate key.,2,correct
q10,What is a foreign key?,"A foreign key is an attribute or set of attributes in one table that references a primary or candidate key in another or the same table, linking related records.",A foreign key stores values corresponding to a referenced key.,2,correct
q10,What is a foreign key?,"A foreign key is an attribute or set of attributes in one table that references a primary or candidate key in another or the same table, linking related records.",It is a key used in relational databases.,1,partial
q10,What is a foreign key?,"A foreign key is an attribute or set of attributes in one table that references a primary or candidate key in another or the same table, linking related records.",It connects tables.,1,partial
q10,What is a foreign key?,"A foreign key is an attribute or set of attributes in one table that references a primary or candidate key in another or the same table, linking related records.",It is a column in a table.,1,partial
q10,What is a foreign key?,"A foreign key is an attribute or set of attributes in one table that references a primary or candidate key in another or the same table, linking related records.",It is related to a primary key.,1,partial
q10,What is a foreign key?,"A foreign key is an attribute or set of attributes in one table that references a primary or candidate key in another or the same table, linking related records.",It must uniquely identify every row in its own table.,0,incorrect
q10,What is a foreign key?,"A foreign key is an attribute or set of attributes in one table that references a primary or candidate key in another or the same table, linking related records.",A foreign key cannot reference another table.,0,incorrect
q10,What is a foreign key?,"A foreign key is an attribute or set of attributes in one table that references a primary or candidate key in another or the same table, linking related records.",Its only purpose is to sort a table.,0,incorrect
q10,What is a foreign key?,"A foreign key is an attribute or set of attributes in one table that references a primary or candidate key in another or the same table, linking related records.",A queue is FIFO.,0,incorrect
q11,What is database normalisation?,Database normalisation is the process of organising relational data to reduce redundancy and undesirable dependencies and improve data integrity.,It organises database tables to reduce duplicated data and problematic dependencies.,2,correct
q11,What is database normalisation?,Database normalisation is the process of organising relational data to reduce redundancy and undesirable dependencies and improve data integrity.,Normalisation restructures relational data to minimise redundancy and improve integrity.,2,correct
q11,What is database normalisation?,Database normalisation is the process of organising relational data to reduce redundancy and undesirable dependencies and improve data integrity.,It separates data into appropriate relations to reduce duplication and update anomalies.,2,correct
q11,What is database normalisation?,Database normalisation is the process of organising relational data to reduce redundancy and undesirable dependencies and improve data integrity.,The process reduces redundancy and helps maintain consistent relational data.,2,correct
q11,What is database normalisation?,Database normalisation is the process of organising relational data to reduce redundancy and undesirable dependencies and improve data integrity.,It organises a database.,1,partial
q11,What is database normalisation?,Database normalisation is the process of organising relational data to reduce redundancy and undesirable dependencies and improve data integrity.,It can involve splitting tables.,1,partial
q11,What is database normalisation?,Database normalisation is the process of organising relational data to reduce redundancy and undesirable dependencies and improve data integrity.,It improves database design.,1,partial
q11,What is database normalisation?,Database normalisation is the process of organising relational data to reduce redundancy and undesirable dependencies and improve data integrity.,It reduces some duplicated information.,1,partial
q11,What is database normalisation?,Database normalisation is the process of organising relational data to reduce redundancy and undesirable dependencies and improve data integrity.,It intentionally increases redundant copies of data.,0,incorrect
q11,What is database normalisation?,Database normalisation is the process of organising relational data to reduce redundancy and undesirable dependencies and improve data integrity.,Normalisation means storing everything in one table.,0,incorrect
q11,What is database normalisation?,Database normalisation is the process of organising relational data to reduce redundancy and undesirable dependencies and improve data integrity.,Its goal is to create duplicate dependencies.,0,incorrect
q11,What is database normalisation?,Database normalisation is the process of organising relational data to reduce redundancy and undesirable dependencies and improve data integrity.,TCP provides reliable transport.,0,incorrect
q12,What is a process in an operating system?,A process is a program in execution together with its current execution state and allocated resources.,A process is a running instance of a program with execution state and resources.,2,correct
q12,What is a process in an operating system?,A process is a program in execution together with its current execution state and allocated resources.,It is a program that is currently executing.,2,correct
q12,What is a process in an operating system?,A process is a program in execution together with its current execution state and allocated resources.,A process includes executing code along with its runtime state and resources.,2,correct
q12,What is a process in an operating system?,A process is a program in execution together with its current execution state and allocated resources.,"When a program is executing, the operating system manages it as a process.",2,correct
q12,What is a process in an operating system?,A process is a program in execution together with its current execution state and allocated resources.,A process is related to a program.,1,partial
q12,What is a process in an operating system?,A process is a program in execution together with its current execution state and allocated resources.,It is managed by the operating system.,1,partial
q12,What is a process in an operating system?,A process is a program in execution together with its current execution state and allocated resources.,It uses system resources.,1,partial
q12,What is a process in an operating system?,A process is a program in execution together with its current execution state and allocated resources.,A process can contain threads.,1,partial
q12,What is a process in an operating system?,A process is a program in execution together with its current execution state and allocated resources.,A process is only a program file stored on disk and never executing.,0,incorrect
q12,What is a process in an operating system?,A process is a program in execution together with its current execution state and allocated resources.,A process has no execution state.,0,incorrect
q12,What is a process in an operating system?,A process is a program in execution together with its current execution state and allocated resources.,Processes cannot use system resources.,0,incorrect
q12,What is a process in an operating system?,A process is a program in execution together with its current execution state and allocated resources.,A primary key identifies a row.,0,incorrect
q13,What is a thread?,A thread is a unit of execution within a process that shares the process's resources while maintaining its own execution state such as a program counter and stack.,A thread is an execution unit inside a process that shares process resources.,2,correct
q13,What is a thread?,A thread is a unit of execution within a process that shares the process's resources while maintaining its own execution state such as a program counter and stack.,Threads within a process share resources but have their own execution state.,2,correct
q13,What is a thread?,A thread is a unit of execution within a process that shares the process's resources while maintaining its own execution state such as a program counter and stack.,It is a sequence of execution within a process with its own stack and program counter.,2,correct
q13,What is a thread?,A thread is a unit of execution within a process that shares the process's resources while maintaining its own execution state such as a program counter and stack.,Multiple threads can execute within one process while sharing its memory.,2,correct
q13,What is a thread?,A thread is a unit of execution within a process that shares the process's resources while maintaining its own execution state such as a program counter and stack.,A thread runs within a process.,1,partial
q13,What is a thread?,A thread is a unit of execution within a process that shares the process's resources while maintaining its own execution state such as a program counter and stack.,Threads can execute concurrently.,1,partial
q13,What is a thread?,A thread is a unit of execution within a process that shares the process's resources while maintaining its own execution state such as a program counter and stack.,A process may contain multiple threads.,1,partial
q13,What is a thread?,A thread is a unit of execution within a process that shares the process's resources while maintaining its own execution state such as a program counter and stack.,Threads share some resources.,1,partial
q13,What is a thread?,A thread is a unit of execution within a process that shares the process's resources while maintaining its own execution state such as a program counter and stack.,A thread is always a completely separate process with no shared resources.,0,incorrect
q13,What is a thread?,A thread is a unit of execution within a process that shares the process's resources while maintaining its own execution state such as a program counter and stack.,Threads in one process cannot share memory.,0,incorrect
q13,What is a thread?,A thread is a unit of execution within a process that shares the process's resources while maintaining its own execution state such as a program counter and stack.,A thread is a database table.,0,incorrect
q13,What is a thread?,A thread is a unit of execution within a process that shares the process's resources while maintaining its own execution state such as a program counter and stack.,Linear search checks items sequentially.,0,incorrect
q14,What is a race condition?,A race condition occurs when the result of concurrent execution depends on the timing or interleaving of operations on shared state.,It occurs when concurrent operations on shared state produce timing-dependent results.,2,correct
q14,What is a race condition?,A race condition occurs when the result of concurrent execution depends on the timing or interleaving of operations on shared state.,The outcome depends on which competing thread accesses shared data first.,2,correct
q14,What is a race condition?,A race condition occurs when the result of concurrent execution depends on the timing or interleaving of operations on shared state.,A race condition happens when unsynchronised concurrent access makes results depend on execution order.,2,correct
q14,What is a race condition?,A race condition occurs when the result of concurrent execution depends on the timing or interleaving of operations on shared state.,Different thread interleavings can produce different results when shared state is not safely coordinated.,2,correct
q14,What is a race condition?,A race condition occurs when the result of concurrent execution depends on the timing or interleaving of operations on shared state.,It involves concurrent execution.,1,partial
q14,What is a race condition?,A race condition occurs when the result of concurrent execution depends on the timing or interleaving of operations on shared state.,It can occur when threads share data.,1,partial
q14,What is a race condition?,A race condition occurs when the result of concurrent execution depends on the timing or interleaving of operations on shared state.,It is a concurrency problem.,1,partial
q14,What is a race condition?,A race condition occurs when the result of concurrent execution depends on the timing or interleaving of operations on shared state.,Execution timing is involved.,1,partial
q14,What is a race condition?,A race condition occurs when the result of concurrent execution depends on the timing or interleaving of operations on shared state.,It guarantees the same result regardless of execution order.,0,incorrect
q14,What is a race condition?,A race condition occurs when the result of concurrent execution depends on the timing or interleaving of operations on shared state.,Race conditions occur only when there is no shared state or interaction.,0,incorrect
q14,What is a race condition?,A race condition occurs when the result of concurrent execution depends on the timing or interleaving of operations on shared state.,It is a method for sorting processes.,0,incorrect
q14,What is a race condition?,A race condition occurs when the result of concurrent execution depends on the timing or interleaving of operations on shared state.,A queue removes the oldest item first.,0,incorrect
q15,What is deadlock?,Deadlock is a state where processes or threads are permanently blocked because each is waiting for a resource or event that another blocked participant holds or must produce.,Deadlock occurs when tasks wait indefinitely for resources held by one another.,2,correct
q15,What is deadlock?,Deadlock is a state where processes or threads are permanently blocked because each is waiting for a resource or event that another blocked participant holds or must produce.,Processes become stuck because each is waiting for something another blocked process controls.,2,correct
q15,What is deadlock?,Deadlock is a state where processes or threads are permanently blocked because each is waiting for a resource or event that another blocked participant holds or must produce.,It is a permanent waiting cycle between concurrent participants.,2,correct
q15,What is deadlock?,Deadlock is a state where processes or threads are permanently blocked because each is waiting for a resource or event that another blocked participant holds or must produce.,Threads can deadlock when each holds a resource while waiting for another held by a peer.,2,correct
q15,What is deadlock?,Deadlock is a state where processes or threads are permanently blocked because each is waiting for a resource or event that another blocked participant holds or must produce.,Deadlock causes processes to wait.,1,partial
q15,What is deadlock?,Deadlock is a state where processes or threads are permanently blocked because each is waiting for a resource or event that another blocked participant holds or must produce.,It is a concurrency problem.,1,partial
q15,What is deadlock?,Deadlock is a state where processes or threads are permanently blocked because each is waiting for a resource or event that another blocked participant holds or must produce.,Resources are involved in deadlock.,1,partial
q15,What is deadlock?,Deadlock is a state where processes or threads are permanently blocked because each is waiting for a resource or event that another blocked participant holds or must produce.,Multiple processes or threads can be affected.,1,partial
q15,What is deadlock?,Deadlock is a state where processes or threads are permanently blocked because each is waiting for a resource or event that another blocked participant holds or must produce.,Deadlock means every process continues executing normally.,0,incorrect
q15,What is deadlock?,Deadlock is a state where processes or threads are permanently blocked because each is waiting for a resource or event that another blocked participant holds or must produce.,It occurs when no participant is waiting for anything.,0,incorrect
q15,What is deadlock?,Deadlock is a state where processes or threads are permanently blocked because each is waiting for a resource or event that another blocked participant holds or must produce.,Deadlock automatically improves concurrency.,0,incorrect
q15,What is deadlock?,Deadlock is a state where processes or threads are permanently blocked because each is waiting for a resource or event that another blocked participant holds or must produce.,Normalisation reduces database redundancy.,0,incorrect
q16,What is virtual memory?,Virtual memory is a memory-management abstraction that gives processes a virtual address space mapped to physical memory and potentially secondary storage.,It gives each process a virtual address space that the operating system maps to physical memory.,2,correct
q16,What is virtual memory?,Virtual memory is a memory-management abstraction that gives processes a virtual address space mapped to physical memory and potentially secondary storage.,"Virtual addresses are translated to physical memory locations, with data potentially moved to secondary storage.",2,correct
q16,What is virtual memory?,Virtual memory is a memory-management abstraction that gives processes a virtual address space mapped to physical memory and potentially secondary storage.,It abstracts physical memory by mapping process address spaces onto available memory resources.,2,correct
q16,What is virtual memory?,Virtual memory is a memory-management abstraction that gives processes a virtual address space mapped to physical memory and potentially secondary storage.,Virtual memory lets programs use virtual addresses independently of exact physical RAM locations.,2,correct
q16,What is virtual memory?,Virtual memory is a memory-management abstraction that gives processes a virtual address space mapped to physical memory and potentially secondary storage.,Virtual memory is a memory management technique.,1,partial
q16,What is virtual memory?,Virtual memory is a memory-management abstraction that gives processes a virtual address space mapped to physical memory and potentially secondary storage.,It involves virtual addresses.,1,partial
q16,What is virtual memory?,Virtual memory is a memory-management abstraction that gives processes a virtual address space mapped to physical memory and potentially secondary storage.,It can use disk storage.,1,partial
q16,What is virtual memory?,Virtual memory is a memory-management abstraction that gives processes a virtual address space mapped to physical memory and potentially secondary storage.,The operating system manages it.,1,partial
q16,What is virtual memory?,Virtual memory is a memory-management abstraction that gives processes a virtual address space mapped to physical memory and potentially secondary storage.,Virtual addresses are always identical to physical RAM addresses.,0,incorrect
q16,What is virtual memory?,Virtual memory is a memory-management abstraction that gives processes a virtual address space mapped to physical memory and potentially secondary storage.,Virtual memory has no mapping to physical memory.,0,incorrect
q16,What is virtual memory?,Virtual memory is a memory-management abstraction that gives processes a virtual address space mapped to physical memory and potentially secondary storage.,It is a CPU sorting algorithm.,0,incorrect
q16,What is virtual memory?,Virtual memory is a memory-management abstraction that gives processes a virtual address space mapped to physical memory and potentially secondary storage.,A foreign key links relational records.,0,incorrect
q17,What does TCP provide?,"TCP provides reliable, ordered, connection-oriented byte-stream transport with mechanisms such as acknowledgements and retransmission.",TCP provides reliable and ordered connection-oriented transport.,2,correct
q17,What does TCP provide?,"TCP provides reliable, ordered, connection-oriented byte-stream transport with mechanisms such as acknowledgements and retransmission.",It establishes a connection and provides reliable delivery of a byte stream.,2,correct
q17,What does TCP provide?,"TCP provides reliable, ordered, connection-oriented byte-stream transport with mechanisms such as acknowledgements and retransmission.",TCP uses mechanisms such as acknowledgements and retransmissions to provide reliable ordered transport.,2,correct
q17,What does TCP provide?,"TCP provides reliable, ordered, connection-oriented byte-stream transport with mechanisms such as acknowledgements and retransmission.",It is a connection-oriented transport protocol designed for reliable ordered communication.,2,correct
q17,What does TCP provide?,"TCP provides reliable, ordered, connection-oriented byte-stream transport with mechanisms such as acknowledgements and retransmission.",TCP is a transport protocol.,1,partial
q17,What does TCP provide?,"TCP provides reliable, ordered, connection-oriented byte-stream transport with mechanisms such as acknowledgements and retransmission.",TCP provides reliable communication.,1,partial
q17,What does TCP provide?,"TCP provides reliable, ordered, connection-oriented byte-stream transport with mechanisms such as acknowledgements and retransmission.",TCP establishes connections.,1,partial
q17,What does TCP provide?,"TCP provides reliable, ordered, connection-oriented byte-stream transport with mechanisms such as acknowledgements and retransmission.",TCP orders data.,1,partial
q17,What does TCP provide?,"TCP provides reliable, ordered, connection-oriented byte-stream transport with mechanisms such as acknowledgements and retransmission.",TCP is connectionless and provides no reliability mechanisms.,0,incorrect
q17,What does TCP provide?,"TCP provides reliable, ordered, connection-oriented byte-stream transport with mechanisms such as acknowledgements and retransmission.",TCP does not preserve byte ordering.,0,incorrect
q17,What does TCP provide?,"TCP provides reliable, ordered, connection-oriented byte-stream transport with mechanisms such as acknowledgements and retransmission.",TCP is an application-layer database protocol.,0,incorrect
q17,What does TCP provide?,"TCP provides reliable, ordered, connection-oriented byte-stream transport with mechanisms such as acknowledgements and retransmission.",A stack is LIFO.,0,incorrect
q18,What does UDP provide?,"UDP provides connectionless datagram transport without guarantees of delivery, ordering, or duplicate protection.",UDP sends connectionless datagrams without guaranteeing delivery or order.,2,correct
q18,What does UDP provide?,"UDP provides connectionless datagram transport without guarantees of delivery, ordering, or duplicate protection.",It is a connectionless transport protocol with no reliability guarantee.,2,correct
q18,What does UDP provide?,"UDP provides connectionless datagram transport without guarantees of delivery, ordering, or duplicate protection.",UDP does not establish a connection and does not guarantee that packets arrive or remain ordered.,2,correct
q18,What does UDP provide?,"UDP provides connectionless datagram transport without guarantees of delivery, ordering, or duplicate protection.",It provides lightweight datagram transport without TCP-style delivery guarantees.,2,correct
q18,What does UDP provide?,"UDP provides connectionless datagram transport without guarantees of delivery, ordering, or duplicate protection.",UDP is a transport protocol.,1,partial
q18,What does UDP provide?,"UDP provides connectionless datagram transport without guarantees of delivery, ordering, or duplicate protection.",UDP is connectionless.,1,partial
q18,What does UDP provide?,"UDP provides connectionless datagram transport without guarantees of delivery, ordering, or duplicate protection.",UDP sends datagrams.,1,partial
q18,What does UDP provide?,"UDP provides connectionless datagram transport without guarantees of delivery, ordering, or duplicate protection.",UDP has lower protocol overhead than TCP.,1,partial
q18,What does UDP provide?,"UDP provides connectionless datagram transport without guarantees of delivery, ordering, or duplicate protection.",UDP guarantees reliable ordered delivery.,0,incorrect
q18,What does UDP provide?,"UDP provides connectionless datagram transport without guarantees of delivery, ordering, or duplicate protection.",UDP requires a connection to be established before sending data.,0,incorrect
q18,What does UDP provide?,"UDP provides connectionless datagram transport without guarantees of delivery, ordering, or duplicate protection.",UDP retransmits until every datagram is acknowledged.,0,incorrect
q18,What does UDP provide?,"UDP provides connectionless datagram transport without guarantees of delivery, ordering, or duplicate protection.",Overfitting harms generalisation.,0,incorrect
q19,What is an IP address?,An IP address is a logical network-layer address used to identify an interface and support routing of IP packets across networks.,It is a logical address used by IP to identify a network interface and route packets.,2,correct
q19,What is an IP address?,An IP address is a logical network-layer address used to identify an interface and support routing of IP packets across networks.,An IP address identifies an interface for network-layer communication and routing.,2,correct
q19,What is an IP address?,An IP address is a logical network-layer address used to identify an interface and support routing of IP packets across networks.,Routers use IP addressing to forward packets toward network destinations.,2,correct
q19,What is an IP address?,An IP address is a logical network-layer address used to identify an interface and support routing of IP packets across networks.,It is a network-layer identifier used in IP communication.,2,correct
q19,What is an IP address?,An IP address is a logical network-layer address used to identify an interface and support routing of IP packets across networks.,It identifies something on a network.,1,partial
q19,What is an IP address?,An IP address is a logical network-layer address used to identify an interface and support routing of IP packets across networks.,It is used for networking.,1,partial
q19,What is an IP address?,An IP address is a logical network-layer address used to identify an interface and support routing of IP packets across networks.,Routers use IP addresses.,1,partial
q19,What is an IP address?,An IP address is a logical network-layer address used to identify an interface and support routing of IP packets across networks.,Devices can have IP addresses.,1,partial
q19,What is an IP address?,An IP address is a logical network-layer address used to identify an interface and support routing of IP packets across networks.,An IP address is only a human-readable website name.,0,incorrect
q19,What is an IP address?,An IP address is a logical network-layer address used to identify an interface and support routing of IP packets across networks.,IP addresses are never used for routing.,0,incorrect
q19,What is an IP address?,An IP address is a logical network-layer address used to identify an interface and support routing of IP packets across networks.,It is a database primary key standard.,0,incorrect
q19,What is an IP address?,An IP address is a logical network-layer address used to identify an interface and support routing of IP packets across networks.,Binary search repeatedly halves a search space.,0,incorrect
q20,What is DNS?,DNS is a distributed naming system that resolves domain names to resource records such as IP addresses.,DNS translates domain names into information such as IP addresses.,2,correct
q20,What is DNS?,DNS is a distributed naming system that resolves domain names to resource records such as IP addresses.,It is a distributed system for resolving human-readable domain names to DNS records.,2,correct
q20,What is DNS?,DNS is a distributed naming system that resolves domain names to resource records such as IP addresses.,DNS lets clients look up resource records associated with domain names.,2,correct
q20,What is DNS?,DNS is a distributed naming system that resolves domain names to resource records such as IP addresses.,It maps names such as website domains to records including network addresses.,2,correct
q20,What is DNS?,DNS is a distributed naming system that resolves domain names to resource records such as IP addresses.,DNS deals with domain names.,1,partial
q20,What is DNS?,DNS is a distributed naming system that resolves domain names to resource records such as IP addresses.,It can return an IP address.,1,partial
q20,What is DNS?,DNS is a distributed naming system that resolves domain names to resource records such as IP addresses.,DNS is used on networks.,1,partial
q20,What is DNS?,DNS is a distributed naming system that resolves domain names to resource records such as IP addresses.,It is a naming service.,1,partial
q20,What is DNS?,DNS is a distributed naming system that resolves domain names to resource records such as IP addresses.,DNS is a transport protocol that guarantees packet delivery.,0,incorrect
q20,What is DNS?,DNS is a distributed naming system that resolves domain names to resource records such as IP addresses.,DNS permanently replaces all IP addresses with passwords.,0,incorrect
q20,What is DNS?,DNS is a distributed naming system that resolves domain names to resource records such as IP addresses.,It is used only to sort database rows.,0,incorrect
q20,What is DNS?,DNS is a distributed naming system that resolves domain names to resource records such as IP addresses.,A process is a running program.,0,incorrect
q21,What is encryption?,Encryption transforms plaintext into ciphertext using an encryption algorithm and key so that the plaintext is not readable without the required decryption capability.,Encryption uses an algorithm and key to turn readable plaintext into ciphertext.,2,correct
q21,What is encryption?,Encryption transforms plaintext into ciphertext using an encryption algorithm and key so that the plaintext is not readable without the required decryption capability.,It transforms data into an unreadable form that authorised parties can decrypt.,2,correct
q21,What is encryption?,Encryption transforms plaintext into ciphertext using an encryption algorithm and key so that the plaintext is not readable without the required decryption capability.,Plaintext is converted to ciphertext to protect its confidentiality.,2,correct
q21,What is encryption?,Encryption transforms plaintext into ciphertext using an encryption algorithm and key so that the plaintext is not readable without the required decryption capability.,Encryption protects readable information by encoding it with a cryptographic key.,2,correct
q21,What is encryption?,Encryption transforms plaintext into ciphertext using an encryption algorithm and key so that the plaintext is not readable without the required decryption capability.,Encryption protects data.,1,partial
q21,What is encryption?,Encryption transforms plaintext into ciphertext using an encryption algorithm and key so that the plaintext is not readable without the required decryption capability.,It uses cryptography.,1,partial
q21,What is encryption?,Encryption transforms plaintext into ciphertext using an encryption algorithm and key so that the plaintext is not readable without the required decryption capability.,Encryption can provide confidentiality.,1,partial
q21,What is encryption?,Encryption transforms plaintext into ciphertext using an encryption algorithm and key so that the plaintext is not readable without the required decryption capability.,It involves ciphertext.,1,partial
q21,What is encryption?,Encryption transforms plaintext into ciphertext using an encryption algorithm and key so that the plaintext is not readable without the required decryption capability.,Encryption converts ciphertext into plaintext.,0,incorrect
q21,What is encryption?,Encryption transforms plaintext into ciphertext using an encryption algorithm and key so that the plaintext is not readable without the required decryption capability.,Encryption guarantees that data can never be modified.,0,incorrect
q21,What is encryption?,Encryption transforms plaintext into ciphertext using an encryption algorithm and key so that the plaintext is not readable without the required decryption capability.,Encryption means hashing a password with no key in every case.,0,incorrect
q21,What is encryption?,Encryption transforms plaintext into ciphertext using an encryption algorithm and key so that the plaintext is not readable without the required decryption capability.,UDP is connectionless.,0,incorrect
q22,What is hashing in cryptography?,Cryptographic hashing deterministically maps input data to a fixed-size digest using a one-way hash function designed to make properties such as preimage and collision attacks difficult.,A cryptographic hash function maps data to a fixed-size digest and is designed to be one-way.,2,correct
q22,What is hashing in cryptography?,Cryptographic hashing deterministically maps input data to a fixed-size digest using a one-way hash function designed to make properties such as preimage and collision attacks difficult.,Hashing deterministically produces a digest from input data without using reversible encryption.,2,correct
q22,What is hashing in cryptography?,Cryptographic hashing deterministically maps input data to a fixed-size digest using a one-way hash function designed to make properties such as preimage and collision attacks difficult.,It creates a fixed-length hash value and should make recovering the original input computationally difficult.,2,correct
q22,What is hashing in cryptography?,Cryptographic hashing deterministically maps input data to a fixed-size digest using a one-way hash function designed to make properties such as preimage and collision attacks difficult.,A secure hash function produces a digest while resisting preimage and collision attacks.,2,correct
q22,What is hashing in cryptography?,Cryptographic hashing deterministically maps input data to a fixed-size digest using a one-way hash function designed to make properties such as preimage and collision attacks difficult.,Hashing produces a digest.,1,partial
q22,What is hashing in cryptography?,Cryptographic hashing deterministically maps input data to a fixed-size digest using a one-way hash function designed to make properties such as preimage and collision attacks difficult.,Hash functions are used in cryptography.,1,partial
q22,What is hashing in cryptography?,Cryptographic hashing deterministically maps input data to a fixed-size digest using a one-way hash function designed to make properties such as preimage and collision attacks difficult.,Hashing is generally one-way.,1,partial
q22,What is hashing in cryptography?,Cryptographic hashing deterministically maps input data to a fixed-size digest using a one-way hash function designed to make properties such as preimage and collision attacks difficult.,A hash can help check data integrity.,1,partial
q22,What is hashing in cryptography?,Cryptographic hashing deterministically maps input data to a fixed-size digest using a one-way hash function designed to make properties such as preimage and collision attacks difficult.,Hashing is reversible encryption using a secret decryption key.,0,incorrect
q22,What is hashing in cryptography?,Cryptographic hashing deterministically maps input data to a fixed-size digest using a one-way hash function designed to make properties such as preimage and collision attacks difficult.,A secure hash always allows the original input to be recovered.,0,incorrect
q22,What is hashing in cryptography?,Cryptographic hashing deterministically maps input data to a fixed-size digest using a one-way hash function designed to make properties such as preimage and collision attacks difficult.,Hashing creates a different random digest every time for identical input by definition.,0,incorrect
q22,What is hashing in cryptography?,Cryptographic hashing deterministically maps input data to a fixed-size digest using a one-way hash function designed to make properties such as preimage and collision attacks difficult.,A thread executes within a process.,0,incorrect
q23,What is symmetric-key encryption?,"Symmetric-key encryption uses the same shared secret key, or directly related secret keys, for encryption and decryption.",Symmetric encryption uses a shared secret key to encrypt and decrypt data.,2,correct
q23,What is symmetric-key encryption?,"Symmetric-key encryption uses the same shared secret key, or directly related secret keys, for encryption and decryption.",The communicating parties use the same secret key for encryption and decryption.,2,correct
q23,What is symmetric-key encryption?,"Symmetric-key encryption uses the same shared secret key, or directly related secret keys, for encryption and decryption.",A single shared secret is used for both directions of the cryptographic operation.,2,correct
q23,What is symmetric-key encryption?,"Symmetric-key encryption uses the same shared secret key, or directly related secret keys, for encryption and decryption.",It relies on a secret key known to authorised parties for encryption and decryption.,2,correct
q23,What is symmetric-key encryption?,"Symmetric-key encryption uses the same shared secret key, or directly related secret keys, for encryption and decryption.",Symmetric encryption uses a secret key.,1,partial
q23,What is symmetric-key encryption?,"Symmetric-key encryption uses the same shared secret key, or directly related secret keys, for encryption and decryption.",Both parties need key material.,1,partial
q23,What is symmetric-key encryption?,"Symmetric-key encryption uses the same shared secret key, or directly related secret keys, for encryption and decryption.",AES is a symmetric cipher.,1,partial
q23,What is symmetric-key encryption?,"Symmetric-key encryption uses the same shared secret key, or directly related secret keys, for encryption and decryption.",It can provide confidentiality.,1,partial
q23,What is symmetric-key encryption?,"Symmetric-key encryption uses the same shared secret key, or directly related secret keys, for encryption and decryption.",It always uses a public key to encrypt and a private key to decrypt.,0,incorrect
q23,What is symmetric-key encryption?,"Symmetric-key encryption uses the same shared secret key, or directly related secret keys, for encryption and decryption.",The encryption key is public and never secret.,0,incorrect
q23,What is symmetric-key encryption?,"Symmetric-key encryption uses the same shared secret key, or directly related secret keys, for encryption and decryption.",Symmetric encryption requires no key.,0,incorrect
q23,What is symmetric-key encryption?,"Symmetric-key encryption uses the same shared secret key, or directly related secret keys, for encryption and decryption.",DNS resolves domain names.,0,incorrect
q24,What is public-key encryption?,"Public-key encryption uses a public key for encryption and a corresponding private key for decryption, allowing encryption without sharing the private key.",A sender encrypts using the recipient's public key and the recipient decrypts using the private key.,2,correct
q24,What is public-key encryption?,"Public-key encryption uses a public key for encryption and a corresponding private key for decryption, allowing encryption without sharing the private key.","It uses a public/private key pair, with the private key kept secret.",2,correct
q24,What is public-key encryption?,"Public-key encryption uses a public key for encryption and a corresponding private key for decryption, allowing encryption without sharing the private key.",The public key can be distributed for encryption while only the private key decrypts the ciphertext.,2,correct
q24,What is public-key encryption?,"Public-key encryption uses a public key for encryption and a corresponding private key for decryption, allowing encryption without sharing the private key.",Asymmetric encryption separates the encryption and decryption keys into a related key pair.,2,correct
q24,What is public-key encryption?,"Public-key encryption uses a public key for encryption and a corresponding private key for decryption, allowing encryption without sharing the private key.",It uses two related keys.,1,partial
q24,What is public-key encryption?,"Public-key encryption uses a public key for encryption and a corresponding private key for decryption, allowing encryption without sharing the private key.",There is a public key and a private key.,1,partial
q24,What is public-key encryption?,"Public-key encryption uses a public key for encryption and a corresponding private key for decryption, allowing encryption without sharing the private key.",The private key is secret.,1,partial
q24,What is public-key encryption?,"Public-key encryption uses a public key for encryption and a corresponding private key for decryption, allowing encryption without sharing the private key.",RSA can be used for public-key encryption.,1,partial
q24,What is public-key encryption?,"Public-key encryption uses a public key for encryption and a corresponding private key for decryption, allowing encryption without sharing the private key.",Everyone must know the private key to encrypt securely.,0,incorrect
q24,What is public-key encryption?,"Public-key encryption uses a public key for encryption and a corresponding private key for decryption, allowing encryption without sharing the private key.",It uses exactly the same shared secret key for encryption and decryption.,0,incorrect
q24,What is public-key encryption?,"Public-key encryption uses a public key for encryption and a corresponding private key for decryption, allowing encryption without sharing the private key.",Public-key encryption has no keys.,0,incorrect
q24,What is public-key encryption?,"Public-key encryption uses a public key for encryption and a corresponding private key for decryption, allowing encryption without sharing the private key.",Virtual memory maps virtual addresses.,0,incorrect
q25,What is a REST API?,"A REST API is an HTTP-based interface designed around resources and standard HTTP methods, following REST architectural constraints such as stateless client-server interaction.","It exposes resources over HTTP and commonly uses methods such as GET, POST, PUT and DELETE.",2,correct
q25,What is a REST API?,"A REST API is an HTTP-based interface designed around resources and standard HTTP methods, following REST architectural constraints such as stateless client-server interaction.",A RESTful API uses HTTP resource representations and stateless requests.,2,correct
q25,What is a REST API?,"A REST API is an HTTP-based interface designed around resources and standard HTTP methods, following REST architectural constraints such as stateless client-server interaction.",It is a web interface structured around resources and standard HTTP operations.,2,correct
q25,What is a REST API?,"A REST API is an HTTP-based interface designed around resources and standard HTTP methods, following REST architectural constraints such as stateless client-server interaction.",REST APIs communicate through resource-oriented HTTP requests without server-side client session state being required by REST.,2,correct
q25,What is a REST API?,"A REST API is an HTTP-based interface designed around resources and standard HTTP methods, following REST architectural constraints such as stateless client-server interaction.",It is an API used over the web.,1,partial
q25,What is a REST API?,"A REST API is an HTTP-based interface designed around resources and standard HTTP methods, following REST architectural constraints such as stateless client-server interaction.",It can use GET and POST.,1,partial
q25,What is a REST API?,"A REST API is an HTTP-based interface designed around resources and standard HTTP methods, following REST architectural constraints such as stateless client-server interaction.",REST APIs often return JSON.,1,partial
q25,What is a REST API?,"A REST API is an HTTP-based interface designed around resources and standard HTTP methods, following REST architectural constraints such as stateless client-server interaction.",It allows software systems to communicate.,1,partial
q25,What is a REST API?,"A REST API is an HTTP-based interface designed around resources and standard HTTP methods, following REST architectural constraints such as stateless client-server interaction.",REST requires every client session to be stored on the server.,0,incorrect
q25,What is a REST API?,"A REST API is an HTTP-based interface designed around resources and standard HTTP methods, following REST architectural constraints such as stateless client-server interaction.",A REST API is a database table.,0,incorrect
q25,What is a REST API?,"A REST API is an HTTP-based interface designed around resources and standard HTTP methods, following REST architectural constraints such as stateless client-server interaction.",REST can only perform GET requests.,0,incorrect
q25,What is a REST API?,"A REST API is an HTTP-based interface designed around resources and standard HTTP methods, following REST architectural constraints such as stateless client-server interaction.",Encryption turns plaintext into ciphertext.,0,incorrect
q26,What is HTTP?,HTTP is an application-layer request-response protocol used to transfer representations and messages between web clients and servers.,HTTP is an application-layer protocol used for request-response communication between clients and servers.,2,correct
q26,What is HTTP?,HTTP is an application-layer request-response protocol used to transfer representations and messages between web clients and servers.,Web clients send HTTP requests and servers return HTTP responses.,2,correct
q26,What is HTTP?,HTTP is an application-layer request-response protocol used to transfer representations and messages between web clients and servers.,It is the protocol commonly used to exchange web resources between clients and servers.,2,correct
q26,What is HTTP?,HTTP is an application-layer request-response protocol used to transfer representations and messages between web clients and servers.,HTTP defines messages for communication between web user agents and servers.,2,correct
q26,What is HTTP?,HTTP is an application-layer request-response protocol used to transfer representations and messages between web clients and servers.,HTTP is used on the web.,1,partial
q26,What is HTTP?,HTTP is an application-layer request-response protocol used to transfer representations and messages between web clients and servers.,Browsers use HTTP.,1,partial
q26,What is HTTP?,HTTP is an application-layer request-response protocol used to transfer representations and messages between web clients and servers.,HTTP has requests and responses.,1,partial
q26,What is HTTP?,HTTP is an application-layer request-response protocol used to transfer representations and messages between web clients and servers.,It is an application-layer protocol.,1,partial
q26,What is HTTP?,HTTP is an application-layer request-response protocol used to transfer representations and messages between web clients and servers.,HTTP is a database normalisation algorithm.,0,incorrect
q26,What is HTTP?,HTTP is an application-layer request-response protocol used to transfer representations and messages between web clients and servers.,HTTP is a physical-layer signalling standard only.,0,incorrect
q26,What is HTTP?,HTTP is an application-layer request-response protocol used to transfer representations and messages between web clients and servers.,HTTP guarantees reliable delivery independently of lower network layers.,0,incorrect
q26,What is HTTP?,HTTP is an application-layer request-response protocol used to transfer representations and messages between web clients and servers.,A queue is FIFO.,0,incorrect
q27,What is recursion?,Recursion is a technique where a function solves a problem by calling itself on smaller or simpler instances until a base case is reached.,A recursive function calls itself on reduced versions of a problem until it reaches a base case.,2,correct
q27,What is recursion?,Recursion is a technique where a function solves a problem by calling itself on smaller or simpler instances until a base case is reached.,Recursion breaks a problem into smaller instances handled by the same function.,2,correct
q27,What is recursion?,Recursion is a technique where a function solves a problem by calling itself on smaller or simpler instances until a base case is reached.,A function repeatedly invokes itself with simpler input and stops at a base condition.,2,correct
q27,What is recursion?,Recursion is a technique where a function solves a problem by calling itself on smaller or simpler instances until a base case is reached.,It solves problems through self-calls that eventually terminate at a base case.,2,correct
q27,What is recursion?,Recursion is a technique where a function solves a problem by calling itself on smaller or simpler instances until a base case is reached.,A function calls itself.,1,partial
q27,What is recursion?,Recursion is a technique where a function solves a problem by calling itself on smaller or simpler instances until a base case is reached.,Recursion needs a stopping condition.,1,partial
q27,What is recursion?,Recursion is a technique where a function solves a problem by calling itself on smaller or simpler instances until a base case is reached.,It can solve problems by decomposition.,1,partial
q27,What is recursion?,Recursion is a technique where a function solves a problem by calling itself on smaller or simpler instances until a base case is reached.,Recursive functions may use the call stack.,1,partial
q27,What is recursion?,Recursion is a technique where a function solves a problem by calling itself on smaller or simpler instances until a base case is reached.,Recursion means a function can never stop.,0,incorrect
q27,What is recursion?,Recursion is a technique where a function solves a problem by calling itself on smaller or simpler instances until a base case is reached.,A recursive function must not have a base case.,0,incorrect
q27,What is recursion?,Recursion is a technique where a function solves a problem by calling itself on smaller or simpler instances until a base case is reached.,Recursion always uses a loop and never calls itself.,0,incorrect
q27,What is recursion?,Recursion is a technique where a function solves a problem by calling itself on smaller or simpler instances until a base case is reached.,DNS maps domain names to records.,0,incorrect
q28,What is Big-O notation?,Big-O notation describes an asymptotic upper bound on how an algorithm's resource usage grows as input size increases.,Big-O expresses an upper bound on the growth rate of time or space as input size grows.,2,correct
q28,What is Big-O notation?,Big-O notation describes an asymptotic upper bound on how an algorithm's resource usage grows as input size increases.,It describes asymptotic resource growth relative to input size.,2,correct
q28,What is Big-O notation?,Big-O notation describes an asymptotic upper bound on how an algorithm's resource usage grows as input size increases.,Big-O is used to characterise how algorithm cost scales for large inputs.,2,correct
q28,What is Big-O notation?,Big-O notation describes an asymptotic upper bound on how an algorithm's resource usage grows as input size increases.,It gives an asymptotic upper bound on algorithmic complexity.,2,correct
q28,What is Big-O notation?,Big-O notation describes an asymptotic upper bound on how an algorithm's resource usage grows as input size increases.,Big-O describes algorithm efficiency.,1,partial
q28,What is Big-O notation?,Big-O notation describes an asymptotic upper bound on how an algorithm's resource usage grows as input size increases.,It can describe time complexity.,1,partial
q28,What is Big-O notation?,Big-O notation describes an asymptotic upper bound on how an algorithm's resource usage grows as input size increases.,It concerns how performance changes with input size.,1,partial
q28,What is Big-O notation?,Big-O notation describes an asymptotic upper bound on how an algorithm's resource usage grows as input size increases.,O(n) is Big-O notation.,1,partial
q28,What is Big-O notation?,Big-O notation describes an asymptotic upper bound on how an algorithm's resource usage grows as input size increases.,Big-O gives the exact runtime in seconds on every computer.,0,incorrect
q28,What is Big-O notation?,Big-O notation describes an asymptotic upper bound on how an algorithm's resource usage grows as input size increases.,Big-O only describes the value returned by an algorithm.,0,incorrect
q28,What is Big-O notation?,Big-O notation describes an asymptotic upper bound on how an algorithm's resource usage grows as input size increases.,It is a database key constraint.,0,incorrect
q28,What is Big-O notation?,Big-O notation describes an asymptotic upper bound on how an algorithm's resource usage grows as input size increases.,TCP is connection-oriented.,0,incorrect
q29,What is a linked list?,A linked list is a linear data structure made of nodes where each node stores data and one or more references linking it to other nodes.,It consists of nodes containing values and links to other nodes.,2,correct
q29,What is a linked list?,A linked list is a linear data structure made of nodes where each node stores data and one or more references linking it to other nodes.,A linked list stores elements in nodes connected by references.,2,correct
q29,What is a linked list?,A linked list is a linear data structure made of nodes where each node stores data and one or more references linking it to other nodes.,Each node contains data and a pointer or reference to another node.,2,correct
q29,What is a linked list?,A linked list is a linear data structure made of nodes where each node stores data and one or more references linking it to other nodes.,Nodes form a sequence through links rather than requiring contiguous array storage.,2,correct
q29,What is a linked list?,A linked list is a linear data structure made of nodes where each node stores data and one or more references linking it to other nodes.,A linked list is a data structure.,1,partial
q29,What is a linked list?,A linked list is a linear data structure made of nodes where each node stores data and one or more references linking it to other nodes.,It contains nodes.,1,partial
q29,What is a linked list?,A linked list is a linear data structure made of nodes where each node stores data and one or more references linking it to other nodes.,Nodes have references.,1,partial
q29,What is a linked list?,A linked list is a linear data structure made of nodes where each node stores data and one or more references linking it to other nodes.,It stores a sequence of values.,1,partial
q29,What is a linked list?,A linked list is a linear data structure made of nodes where each node stores data and one or more references linking it to other nodes.,Every linked-list element must be stored contiguously like an array.,0,incorrect
q29,What is a linked list?,A linked list is a linear data structure made of nodes where each node stores data and one or more references linking it to other nodes.,Linked-list nodes never contain references.,0,incorrect
q29,What is a linked list?,A linked list is a linear data structure made of nodes where each node stores data and one or more references linking it to other nodes.,A linked list is a network transport protocol.,0,incorrect
q29,What is a linked list?,A linked list is a linear data structure made of nodes where each node stores data and one or more references linking it to other nodes.,Hashing creates a digest.,0,incorrect
q30,What is a binary tree?,"A binary tree is a tree data structure in which each node has at most two children, commonly referred to as the left and right child.",It is a tree where every node has no more than two children.,2,correct
q30,What is a binary tree?,"A binary tree is a tree data structure in which each node has at most two children, commonly referred to as the left and right child.","Each node in a binary tree may have a left child, a right child, both or neither.",2,correct
q30,What is a binary tree?,"A binary tree is a tree data structure in which each node has at most two children, commonly referred to as the left and right child.",A binary tree restricts nodes to at most two child nodes.,2,correct
q30,What is a binary tree?,"A binary tree is a tree data structure in which each node has at most two children, commonly referred to as the left and right child.",It is a hierarchical structure whose nodes can have up to two children.,2,correct
q30,What is a binary tree?,"A binary tree is a tree data structure in which each node has at most two children, commonly referred to as the left and right child.",It is a tree data structure.,1,partial
q30,What is a binary tree?,"A binary tree is a tree data structure in which each node has at most two children, commonly referred to as the left and right child.",It has nodes and children.,1,partial
q30,What is a binary tree?,"A binary tree is a tree data structure in which each node has at most two children, commonly referred to as the left and right child.",Nodes can have left and right children.,1,partial
q30,What is a binary tree?,"A binary tree is a tree data structure in which each node has at most two children, commonly referred to as the left and right child.",It is hierarchical.,1,partial
q30,What is a binary tree?,"A binary tree is a tree data structure in which each node has at most two children, commonly referred to as the left and right child.",Every node must have exactly three children.,0,incorrect
q30,What is a binary tree?,"A binary tree is a tree data structure in which each node has at most two children, commonly referred to as the left and right child.",A binary tree has no parent-child relationships.,0,incorrect
q30,What is a binary tree?,"A binary tree is a tree data structure in which each node has at most two children, commonly referred to as the left and right child.",It is another name for a queue.,0,incorrect
q30,What is a binary tree?,"A binary tree is a tree data structure in which each node has at most two children, commonly referred to as the left and right child.",HTTP uses requests and responses.,0,incorrect
q31,What is a binary search tree?,"A binary search tree is a binary tree that maintains an ordering property, typically with smaller keys in the left subtree and larger keys in the right subtree.",It is a binary tree ordered so smaller keys are placed to the left and larger keys to the right.,2,correct
q31,What is a binary search tree?,"A binary search tree is a binary tree that maintains an ordering property, typically with smaller keys in the left subtree and larger keys in the right subtree.",A BST maintains an ordering property between each node and its subtrees.,2,correct
q31,What is a binary search tree?,"A binary search tree is a binary tree that maintains an ordering property, typically with smaller keys in the left subtree and larger keys in the right subtree.",Values in the left subtree compare smaller and values in the right subtree compare larger under the tree's ordering rule.,2,correct
q31,What is a binary search tree?,"A binary search tree is a binary tree that maintains an ordering property, typically with smaller keys in the left subtree and larger keys in the right subtree.",It combines a binary tree structure with a key-ordering invariant.,2,correct
q31,What is a binary search tree?,"A binary search tree is a binary tree that maintains an ordering property, typically with smaller keys in the left subtree and larger keys in the right subtree.",It is a binary tree.,1,partial
q31,What is a binary search tree?,"A binary search tree is a binary tree that maintains an ordering property, typically with smaller keys in the left subtree and larger keys in the right subtree.",It stores ordered values.,1,partial
q31,What is a binary search tree?,"A binary search tree is a binary tree that maintains an ordering property, typically with smaller keys in the left subtree and larger keys in the right subtree.",It can support searching.,1,partial
q31,What is a binary search tree?,"A binary search tree is a binary tree that maintains an ordering property, typically with smaller keys in the left subtree and larger keys in the right subtree.",Nodes have at most two children.,1,partial
q31,What is a binary search tree?,"A binary search tree is a binary tree that maintains an ordering property, typically with smaller keys in the left subtree and larger keys in the right subtree.",A binary search tree has no ordering rule.,0,incorrect
q31,What is a binary search tree?,"A binary search tree is a binary tree that maintains an ordering property, typically with smaller keys in the left subtree and larger keys in the right subtree.",Every value must be identical to its parent.,0,incorrect
q31,What is a binary search tree?,"A binary search tree is a binary tree that maintains an ordering property, typically with smaller keys in the left subtree and larger keys in the right subtree.",It is a linear FIFO structure.,0,incorrect
q31,What is a binary search tree?,"A binary search tree is a binary tree that maintains an ordering property, typically with smaller keys in the left subtree and larger keys in the right subtree.",Symmetric encryption uses a shared secret key.,0,incorrect
q32,What is gradient descent?,Gradient descent is an optimisation algorithm that iteratively updates model parameters in the direction opposite the gradient to reduce an objective or loss function.,It reduces a loss by repeatedly moving parameters opposite the gradient.,2,correct
q32,What is gradient descent?,Gradient descent is an optimisation algorithm that iteratively updates model parameters in the direction opposite the gradient to reduce an objective or loss function.,The algorithm iteratively adjusts parameters in the negative-gradient direction.,2,correct
q32,What is gradient descent?,Gradient descent is an optimisation algorithm that iteratively updates model parameters in the direction opposite the gradient to reduce an objective or loss function.,Gradient descent uses derivatives of the objective to move toward lower loss.,2,correct
q32,What is gradient descent?,Gradient descent is an optimisation algorithm that iteratively updates model parameters in the direction opposite the gradient to reduce an objective or loss function.,It is an optimisation method that updates weights to decrease the objective function.,2,correct
q32,What is gradient descent?,Gradient descent is an optimisation algorithm that iteratively updates model parameters in the direction opposite the gradient to reduce an objective or loss function.,Gradient descent is an optimisation algorithm.,1,partial
q32,What is gradient descent?,Gradient descent is an optimisation algorithm that iteratively updates model parameters in the direction opposite the gradient to reduce an objective or loss function.,It uses gradients.,1,partial
q32,What is gradient descent?,Gradient descent is an optimisation algorithm that iteratively updates model parameters in the direction opposite the gradient to reduce an objective or loss function.,It changes model parameters.,1,partial
q32,What is gradient descent?,Gradient descent is an optimisation algorithm that iteratively updates model parameters in the direction opposite the gradient to reduce an objective or loss function.,It aims to reduce loss.,1,partial
q32,What is gradient descent?,Gradient descent is an optimisation algorithm that iteratively updates model parameters in the direction opposite the gradient to reduce an objective or loss function.,It deliberately moves parameters in the direction that increases the loss.,0,incorrect
q32,What is gradient descent?,Gradient descent is an optimisation algorithm that iteratively updates model parameters in the direction opposite the gradient to reduce an objective or loss function.,Gradient descent never updates model parameters.,0,incorrect
q32,What is gradient descent?,Gradient descent is an optimisation algorithm that iteratively updates model parameters in the direction opposite the gradient to reduce an objective or loss function.,It is a database searching algorithm.,0,incorrect
q32,What is gradient descent?,Gradient descent is an optimisation algorithm that iteratively updates model parameters in the direction opposite the gradient to reduce an objective or loss function.,A linked list contains connected nodes.,0,incorrect
q33,What is a loss function in machine learning?,"A loss function quantifies the error or cost associated with a model's predictions, providing an objective that training can minimise.",It measures how wrong a model's predictions are and gives training an objective to minimise.,2,correct
q33,What is a loss function in machine learning?,"A loss function quantifies the error or cost associated with a model's predictions, providing an objective that training can minimise.",A loss function assigns a numerical cost to prediction errors.,2,correct
q33,What is a loss function in machine learning?,"A loss function quantifies the error or cost associated with a model's predictions, providing an objective that training can minimise.",Training can optimise model parameters by reducing the value of the loss function.,2,correct
q33,What is a loss function in machine learning?,"A loss function quantifies the error or cost associated with a model's predictions, providing an objective that training can minimise.",It quantifies disagreement between predictions and desired outcomes.,2,correct
q33,What is a loss function in machine learning?,"A loss function quantifies the error or cost associated with a model's predictions, providing an objective that training can minimise.",It measures model performance.,1,partial
q33,What is a loss function in machine learning?,"A loss function quantifies the error or cost associated with a model's predictions, providing an objective that training can minimise.",Training uses a loss value.,1,partial
q33,What is a loss function in machine learning?,"A loss function quantifies the error or cost associated with a model's predictions, providing an objective that training can minimise.",A smaller loss is often desirable.,1,partial
q33,What is a loss function in machine learning?,"A loss function quantifies the error or cost associated with a model's predictions, providing an objective that training can minimise.",It is part of model optimisation.,1,partial
q33,What is a loss function in machine learning?,"A loss function quantifies the error or cost associated with a model's predictions, providing an objective that training can minimise.",A loss function always measures how correct a prediction is with larger values meaning better performance.,0,incorrect
q33,What is a loss function in machine learning?,"A loss function quantifies the error or cost associated with a model's predictions, providing an objective that training can minimise.",It cannot be used during training.,0,incorrect
q33,What is a loss function in machine learning?,"A loss function quantifies the error or cost associated with a model's predictions, providing an objective that training can minimise.",It is a networking protocol.,0,incorrect
q33,What is a loss function in machine learning?,"A loss function quantifies the error or cost associated with a model's predictions, providing an objective that training can minimise.",Recursion involves self-calls.,0,incorrect
q34,What is classification in machine learning?,Classification is a supervised learning task in which a model predicts one of a set of discrete class labels for an input.,Classification predicts a discrete category or class for an input.,2,correct
q34,What is classification in machine learning?,Classification is a supervised learning task in which a model predicts one of a set of discrete class labels for an input.,It is a supervised task where the target output is a class label.,2,correct
q34,What is classification in machine learning?,Classification is a supervised learning task in which a model predicts one of a set of discrete class labels for an input.,A classifier assigns examples to one of several discrete categories.,2,correct
q34,What is classification in machine learning?,Classification is a supervised learning task in which a model predicts one of a set of discrete class labels for an input.,The model learns to predict categorical labels from labelled examples.,2,correct
q34,What is classification in machine learning?,Classification is a supervised learning task in which a model predicts one of a set of discrete class labels for an input.,Classification is a machine learning task.,1,partial
q34,What is classification in machine learning?,Classification is a supervised learning task in which a model predicts one of a set of discrete class labels for an input.,It predicts categories.,1,partial
q34,What is classification in machine learning?,Classification is a supervised learning task in which a model predicts one of a set of discrete class labels for an input.,It can be supervised.,1,partial
q34,What is classification in machine learning?,Classification is a supervised learning task in which a model predicts one of a set of discrete class labels for an input.,A classifier produces labels.,1,partial
q34,What is classification in machine learning?,Classification is a supervised learning task in which a model predicts one of a set of discrete class labels for an input.,Classification predicts only continuous numerical quantities.,0,incorrect
q34,What is classification in machine learning?,Classification is a supervised learning task in which a model predicts one of a set of discrete class labels for an input.,Classification cannot use labelled training examples.,0,incorrect
q34,What is classification in machine learning?,Classification is a supervised learning task in which a model predicts one of a set of discrete class labels for an input.,It always means grouping unlabelled data with no targets.,0,incorrect
q34,What is classification in machine learning?,Classification is a supervised learning task in which a model predicts one of a set of discrete class labels for an input.,Public-key encryption uses a key pair.,0,incorrect
q35,What is regression in machine learning?,Regression is a supervised learning task in which a model predicts a continuous numerical value.,Regression predicts continuous numeric target values.,2,correct
q35,What is regression in machine learning?,Regression is a supervised learning task in which a model predicts a continuous numerical value.,It is supervised learning where the desired output is a numerical quantity.,2,correct
q35,What is regression in machine learning?,Regression is a supervised learning task in which a model predicts a continuous numerical value.,A regression model estimates continuous values from input features.,2,correct
q35,What is regression in machine learning?,Regression is a supervised learning task in which a model predicts a continuous numerical value.,The task learns a mapping from inputs to numeric outputs.,2,correct
q35,What is regression in machine learning?,Regression is a supervised learning task in which a model predicts a continuous numerical value.,Regression is a machine learning task.,1,partial
q35,What is regression in machine learning?,Regression is a supervised learning task in which a model predicts a continuous numerical value.,It predicts numbers.,1,partial
q35,What is regression in machine learning?,Regression is a supervised learning task in which a model predicts a continuous numerical value.,It can be supervised.,1,partial
q35,What is regression in machine learning?,Regression is a supervised learning task in which a model predicts a continuous numerical value.,Regression models estimate values.,1,partial
q35,What is regression in machine learning?,Regression is a supervised learning task in which a model predicts a continuous numerical value.,Regression can only predict discrete class labels.,0,incorrect
q35,What is regression in machine learning?,Regression is a supervised learning task in which a model predicts a continuous numerical value.,Regression is an unsupervised clustering method by definition.,0,incorrect
q35,What is regression in machine learning?,Regression is a supervised learning task in which a model predicts a continuous numerical value.,Its output must always be a category name.,0,incorrect
q35,What is regression in machine learning?,Regression is a supervised learning task in which a model predicts a continuous numerical value.,A binary tree has at most two children.,0,incorrect
q36,What is cross-validation?,Cross-validation is a model-evaluation technique that repeatedly trains and validates a model on different partitions of the available data to estimate generalisation performance.,It evaluates a model using multiple train-validation partitions of the dataset.,2,correct
q36,What is cross-validation?,Cross-validation is a model-evaluation technique that repeatedly trains and validates a model on different partitions of the available data to estimate generalisation performance.,Different folds take turns being used for validation while the remaining data is used for training.,2,correct
q36,What is cross-validation?,Cross-validation is a model-evaluation technique that repeatedly trains and validates a model on different partitions of the available data to estimate generalisation performance.,Cross-validation estimates generalisation by evaluating across several data splits.,2,correct
q36,What is cross-validation?,Cross-validation is a model-evaluation technique that repeatedly trains and validates a model on different partitions of the available data to estimate generalisation performance.,It repeatedly changes which subset is held out for validation.,2,correct
q36,What is cross-validation?,Cross-validation is a model-evaluation technique that repeatedly trains and validates a model on different partitions of the available data to estimate generalisation performance.,It is a model evaluation technique.,1,partial
q36,What is cross-validation?,Cross-validation is a model-evaluation technique that repeatedly trains and validates a model on different partitions of the available data to estimate generalisation performance.,It uses folds of data.,1,partial
q36,What is cross-validation?,Cross-validation is a model-evaluation technique that repeatedly trains and validates a model on different partitions of the available data to estimate generalisation performance.,It involves training and validation.,1,partial
q36,What is cross-validation?,Cross-validation is a model-evaluation technique that repeatedly trains and validates a model on different partitions of the available data to estimate generalisation performance.,It can help estimate model performance.,1,partial
q36,What is cross-validation?,Cross-validation is a model-evaluation technique that repeatedly trains and validates a model on different partitions of the available data to estimate generalisation performance.,Cross-validation evaluates a model only on the exact data it was trained on with no holdout.,0,incorrect
q36,What is cross-validation?,Cross-validation is a model-evaluation technique that repeatedly trains and validates a model on different partitions of the available data to estimate generalisation performance.,It means permanently deleting the validation data.,0,incorrect
q36,What is cross-validation?,Cross-validation is a model-evaluation technique that repeatedly trains and validates a model on different partitions of the available data to estimate generalisation performance.,It is an encryption method.,0,incorrect
q36,What is cross-validation?,Cross-validation is a model-evaluation technique that repeatedly trains and validates a model on different partitions of the available data to estimate generalisation performance.,A primary key uniquely identifies rows.,0,incorrect
q37,What is precision in binary classification?,"Precision is the proportion of predicted positive cases that are actually positive, calculated as true positives divided by true positives plus false positives.",Precision measures how many predicted positives are truly positive.,2,correct
q37,What is precision in binary classification?,"Precision is the proportion of predicted positive cases that are actually positive, calculated as true positives divided by true positives plus false positives.",It is TP divided by TP plus FP.,2,correct
q37,What is precision in binary classification?,"Precision is the proportion of predicted positive cases that are actually positive, calculated as true positives divided by true positives plus false positives.","Precision answers: of the examples classified positive, what fraction were correct?",2,correct
q37,What is precision in binary classification?,"Precision is the proportion of predicted positive cases that are actually positive, calculated as true positives divided by true positives plus false positives.",High precision means relatively few false positives among positive predictions.,2,correct
q37,What is precision in binary classification?,"Precision is the proportion of predicted positive cases that are actually positive, calculated as true positives divided by true positives plus false positives.",Precision is a classification metric.,1,partial
q37,What is precision in binary classification?,"Precision is the proportion of predicted positive cases that are actually positive, calculated as true positives divided by true positives plus false positives.",It involves true positives.,1,partial
q37,What is precision in binary classification?,"Precision is the proportion of predicted positive cases that are actually positive, calculated as true positives divided by true positives plus false positives.",False positives affect precision.,1,partial
q37,What is precision in binary classification?,"Precision is the proportion of predicted positive cases that are actually positive, calculated as true positives divided by true positives plus false positives.",It measures positive predictions.,1,partial
q37,What is precision in binary classification?,"Precision is the proportion of predicted positive cases that are actually positive, calculated as true positives divided by true positives plus false positives.",Precision is the fraction of all actual positives that were detected.,0,incorrect
q37,What is precision in binary classification?,"Precision is the proportion of predicted positive cases that are actually positive, calculated as true positives divided by true positives plus false positives.",Precision is TP divided by TP plus FN.,0,incorrect
q37,What is precision in binary classification?,"Precision is the proportion of predicted positive cases that are actually positive, calculated as true positives divided by true positives plus false positives.",False positives have no effect on precision.,0,incorrect
q37,What is precision in binary classification?,"Precision is the proportion of predicted positive cases that are actually positive, calculated as true positives divided by true positives plus false positives.",UDP guarantees delivery.,0,incorrect
q38,What is recall in binary classification?,"Recall is the proportion of actual positive cases that are correctly predicted positive, calculated as true positives divided by true positives plus false negatives.",Recall measures how many actual positives the classifier successfully identifies.,2,correct
q38,What is recall in binary classification?,"Recall is the proportion of actual positive cases that are correctly predicted positive, calculated as true positives divided by true positives plus false negatives.",It is TP divided by TP plus FN.,2,correct
q38,What is recall in binary classification?,"Recall is the proportion of actual positive cases that are correctly predicted positive, calculated as true positives divided by true positives plus false negatives.","Recall answers: of all genuinely positive examples, what fraction did the model find?",2,correct
q38,What is recall in binary classification?,"Recall is the proportion of actual positive cases that are correctly predicted positive, calculated as true positives divided by true positives plus false negatives.",High recall means relatively few positive examples are missed.,2,correct
q38,What is recall in binary classification?,"Recall is the proportion of actual positive cases that are correctly predicted positive, calculated as true positives divided by true positives plus false negatives.",Recall is a classification metric.,1,partial
q38,What is recall in binary classification?,"Recall is the proportion of actual positive cases that are correctly predicted positive, calculated as true positives divided by true positives plus false negatives.",It involves true positives.,1,partial
q38,What is recall in binary classification?,"Recall is the proportion of actual positive cases that are correctly predicted positive, calculated as true positives divided by true positives plus false negatives.",False negatives affect recall.,1,partial
q38,What is recall in binary classification?,"Recall is the proportion of actual positive cases that are correctly predicted positive, calculated as true positives divided by true positives plus false negatives.",It measures detection of positive cases.,1,partial
q38,What is recall in binary classification?,"Recall is the proportion of actual positive cases that are correctly predicted positive, calculated as true positives divided by true positives plus false negatives.",Recall is the proportion of predicted positives that are correct.,0,incorrect
q38,What is recall in binary classification?,"Recall is the proportion of actual positive cases that are correctly predicted positive, calculated as true positives divided by true positives plus false negatives.",Recall is TP divided by TP plus FP.,0,incorrect
q38,What is recall in binary classification?,"Recall is the proportion of actual positive cases that are correctly predicted positive, calculated as true positives divided by true positives plus false negatives.",False negatives have no effect on recall.,0,incorrect
q38,What is recall in binary classification?,"Recall is the proportion of actual positive cases that are correctly predicted positive, calculated as true positives divided by true positives plus false negatives.",Encryption produces ciphertext.,0,incorrect
q39,What is an F1 score?,"The F1 score is the harmonic mean of precision and recall, combining both metrics into a single value.",F1 combines precision and recall using their harmonic mean.,2,correct
q39,What is an F1 score?,"The F1 score is the harmonic mean of precision and recall, combining both metrics into a single value.",It is a single classification metric balancing precision and recall.,2,correct
q39,What is an F1 score?,"The F1 score is the harmonic mean of precision and recall, combining both metrics into a single value.",The F1 score is calculated from both precision and recall.,2,correct
q39,What is an F1 score?,"The F1 score is the harmonic mean of precision and recall, combining both metrics into a single value.",It summarises the trade-off between precision and recall through a harmonic mean.,2,correct
q39,What is an F1 score?,"The F1 score is the harmonic mean of precision and recall, combining both metrics into a single value.",F1 is a classification metric.,1,partial
q39,What is an F1 score?,"The F1 score is the harmonic mean of precision and recall, combining both metrics into a single value.",It uses precision and recall.,1,partial
q39,What is an F1 score?,"The F1 score is the harmonic mean of precision and recall, combining both metrics into a single value.",It measures classifier performance.,1,partial
q39,What is an F1 score?,"The F1 score is the harmonic mean of precision and recall, combining both metrics into a single value.",Higher F1 generally indicates a better precision-recall balance.,1,partial
q39,What is an F1 score?,"The F1 score is the harmonic mean of precision and recall, combining both metrics into a single value.",F1 is simply classification accuracy.,0,incorrect
q39,What is an F1 score?,"The F1 score is the harmonic mean of precision and recall, combining both metrics into a single value.",F1 ignores both precision and recall.,0,incorrect
q39,What is an F1 score?,"The F1 score is the harmonic mean of precision and recall, combining both metrics into a single value.",It is the arithmetic mean of input features.,0,incorrect
q39,What is an F1 score?,"The F1 score is the harmonic mean of precision and recall, combining both metrics into a single value.",A thread belongs to a process.,0,incorrect
q40,What is a confusion matrix?,"A confusion matrix is a table comparing predicted classes with actual classes, showing counts such as true positives, false positives, true negatives, and false negatives.",It tabulates actual versus predicted classes and shows correct and incorrect classification counts.,2,correct
q40,What is a confusion matrix?,"A confusion matrix is a table comparing predicted classes with actual classes, showing counts such as true positives, false positives, true negatives, and false negatives.","A binary confusion matrix contains TP, FP, TN and FN counts.",2,correct
q40,What is a confusion matrix?,"A confusion matrix is a table comparing predicted classes with actual classes, showing counts such as true positives, false positives, true negatives, and false negatives.",It summarises classifier predictions against ground-truth labels.,2,correct
q40,What is a confusion matrix?,"A confusion matrix is a table comparing predicted classes with actual classes, showing counts such as true positives, false positives, true negatives, and false negatives.",The matrix shows where a classifier gets class predictions right or wrong.,2,correct
q40,What is a confusion matrix?,"A confusion matrix is a table comparing predicted classes with actual classes, showing counts such as true positives, false positives, true negatives, and false negatives.",It evaluates a classifier.,1,partial
q40,What is a confusion matrix?,"A confusion matrix is a table comparing predicted classes with actual classes, showing counts such as true positives, false positives, true negatives, and false negatives.",It contains prediction counts.,1,partial
q40,What is a confusion matrix?,"A confusion matrix is a table comparing predicted classes with actual classes, showing counts such as true positives, false positives, true negatives, and false negatives.",It compares actual and predicted values.,1,partial
q40,What is a confusion matrix?,"A confusion matrix is a table comparing predicted classes with actual classes, showing counts such as true positives, false positives, true negatives, and false negatives.",It can show false positives.,1,partial
q40,What is a confusion matrix?,"A confusion matrix is a table comparing predicted classes with actual classes, showing counts such as true positives, false positives, true negatives, and false negatives.",It contains only the model's training loss and no class predictions.,0,incorrect
q40,What is a confusion matrix?,"A confusion matrix is a table comparing predicted classes with actual classes, showing counts such as true positives, false positives, true negatives, and false negatives.",A confusion matrix is used to encrypt labels.,0,incorrect
q40,What is a confusion matrix?,"A confusion matrix is a table comparing predicted classes with actual classes, showing counts such as true positives, false positives, true negatives, and false negatives.",It never contains incorrect predictions.,0,incorrect
q40,What is a confusion matrix?,"A confusion matrix is a table comparing predicted classes with actual classes, showing counts such as true positives, false positives, true negatives, and false negatives.",Deadlock involves blocked tasks.,0,incorrect
q41,What is a mutex?,A mutex is a mutual-exclusion synchronisation primitive used to ensure that only one thread or process at a time enters a protected critical section or accesses a protected resource.,A mutex allows only one execution context at a time to hold the lock protecting shared state.,2,correct
q41,What is a mutex?,A mutex is a mutual-exclusion synchronisation primitive used to ensure that only one thread or process at a time enters a protected critical section or accesses a protected resource.,It provides mutual exclusion around a critical section.,2,correct
q41,What is a mutex?,A mutex is a mutual-exclusion synchronisation primitive used to ensure that only one thread or process at a time enters a protected critical section or accesses a protected resource.,Threads use a mutex to prevent simultaneous access to protected shared resources.,2,correct
q41,What is a mutex?,A mutex is a mutual-exclusion synchronisation primitive used to ensure that only one thread or process at a time enters a protected critical section or accesses a protected resource.,A mutex lock serialises access to a critical region.,2,correct
q41,What is a mutex?,A mutex is a mutual-exclusion synchronisation primitive used to ensure that only one thread or process at a time enters a protected critical section or accesses a protected resource.,A mutex is a synchronisation mechanism.,1,partial
q41,What is a mutex?,A mutex is a mutual-exclusion synchronisation primitive used to ensure that only one thread or process at a time enters a protected critical section or accesses a protected resource.,It can protect shared data.,1,partial
q41,What is a mutex?,A mutex is a mutual-exclusion synchronisation primitive used to ensure that only one thread or process at a time enters a protected critical section or accesses a protected resource.,Threads can acquire a mutex.,1,partial
q41,What is a mutex?,A mutex is a mutual-exclusion synchronisation primitive used to ensure that only one thread or process at a time enters a protected critical section or accesses a protected resource.,It is used in concurrent programs.,1,partial
q41,What is a mutex?,A mutex is a mutual-exclusion synchronisation primitive used to ensure that only one thread or process at a time enters a protected critical section or accesses a protected resource.,A mutex deliberately allows every thread into the critical section simultaneously.,0,incorrect
q41,What is a mutex?,A mutex is a mutual-exclusion synchronisation primitive used to ensure that only one thread or process at a time enters a protected critical section or accesses a protected resource.,Mutexes provide no mutual exclusion.,0,incorrect
q41,What is a mutex?,A mutex is a mutual-exclusion synchronisation primitive used to ensure that only one thread or process at a time enters a protected critical section or accesses a protected resource.,A mutex is a machine-learning loss function.,0,incorrect
q41,What is a mutex?,A mutex is a mutual-exclusion synchronisation primitive used to ensure that only one thread or process at a time enters a protected critical section or accesses a protected resource.,Regression predicts continuous values.,0,incorrect
q42,What is a semaphore?,A semaphore is a synchronisation primitive that maintains a counter and uses wait and signal operations to control access to shared resources or coordinate concurrent tasks.,A semaphore uses a counter to coordinate threads and control access to resources.,2,correct
q42,What is a semaphore?,A semaphore is a synchronisation primitive that maintains a counter and uses wait and signal operations to control access to shared resources or coordinate concurrent tasks.,Wait and signal operations modify a semaphore to synchronise concurrent execution.,2,correct
q42,What is a semaphore?,A semaphore is a synchronisation primitive that maintains a counter and uses wait and signal operations to control access to shared resources or coordinate concurrent tasks.,It can limit how many tasks simultaneously access a resource.,2,correct
q42,What is a semaphore?,A semaphore is a synchronisation primitive that maintains a counter and uses wait and signal operations to control access to shared resources or coordinate concurrent tasks.,Semaphores coordinate concurrent tasks using a synchronisation count.,2,correct
q42,What is a semaphore?,A semaphore is a synchronisation primitive that maintains a counter and uses wait and signal operations to control access to shared resources or coordinate concurrent tasks.,A semaphore is used for synchronisation.,1,partial
q42,What is a semaphore?,A semaphore is a synchronisation primitive that maintains a counter and uses wait and signal operations to control access to shared resources or coordinate concurrent tasks.,It can control resource access.,1,partial
q42,What is a semaphore?,A semaphore is a synchronisation primitive that maintains a counter and uses wait and signal operations to control access to shared resources or coordinate concurrent tasks.,It is used with concurrent tasks.,1,partial
q42,What is a semaphore?,A semaphore is a synchronisation primitive that maintains a counter and uses wait and signal operations to control access to shared resources or coordinate concurrent tasks.,Semaphores have a value or count.,1,partial
q42,What is a semaphore?,A semaphore is a synchronisation primitive that maintains a counter and uses wait and signal operations to control access to shared resources or coordinate concurrent tasks.,A semaphore is always identical to a database primary key.,0,incorrect
q42,What is a semaphore?,A semaphore is a synchronisation primitive that maintains a counter and uses wait and signal operations to control access to shared resources or coordinate concurrent tasks.,It cannot be used for synchronisation.,0,incorrect
q42,What is a semaphore?,A semaphore is a synchronisation primitive that maintains a counter and uses wait and signal operations to control access to shared resources or coordinate concurrent tasks.,It guarantees unlimited simultaneous access regardless of its count.,0,incorrect
q42,What is a semaphore?,A semaphore is a synchronisation primitive that maintains a counter and uses wait and signal operations to control access to shared resources or coordinate concurrent tasks.,F1 combines precision and recall.,0,incorrect
